Timestamp,PM2.5 (µg/m³),PM10 (µg/m³),NO (µg/m³),NO2 (µg/m³),NOx (ppb),NH3 (µg/m³),SO2 (µg/m³),CO (mg/m³),Ozone (µg/m³),Benzene (µg/m³),Toluene (µg/m³),Xylene (µg/m³),O Xylene (µg/m³),Eth-Benzene (µg/m³),MP-Xylene (µg/m³),AT (°C),RH (%),WS (m/s),WD (deg),RF (mm),TOT-RF (mm),SR (W/mt2),BP (mmHg),VWS (m/s)
2025-01-01 00:00:00,75.65,158.21,17.88,45.17,34.87,2.59,8.26,1.97,12.53,22.05,17.36,6.25,NA,NA,NA,28.96,79.47,0.78,292.25,0.03,3.00,118.96,731.16,0.00
2025-01-02 00:00:00,66.64,168.56,19.34,46.62,36.53,2.77,6.30,1.17,11.63,3.77,2.98,1.08,NA,NA,NA,28.13,65.96,0.76,251.43,0.00,0.00,133.73,728.78,0.00
2025-01-03 00:00:00,66.27,148.51,21.88,50.21,39.98,2.97,10.26,1.48,12.58,4.96,3.91,1.41,NA,NA,NA,28.46,66.48,0.61,231.81,0.00,0.00,136.65,727.19,0.00
2025-01-04 00:00:00,64.10,152.25,28.22,52.75,45.18,2.86,7.87,1.38,15.45,9.00,7.09,2.55,NA,NA,NA,28.28,70.01,0.58,229.04,0.00,0.00,140.94,723.66,0.00
2025-01-05 00:00:00,67.63,137.41,16.00,41.63,31.85,2.24,6.61,0.96,20.51,10.39,8.19,2.95,NA,NA,NA,28.19,68.30,0.78,219.12,0.00,0.00,139.05,726.32,-0.06
2025-01-06 00:00:00,66.00,119.64,14.96,40.51,30.63,2.66,8.51,0.66,20.88,14.39,11.33,4.07,NA,NA,NA,27.88,70.50,0.78,212.21,0.00,0.00,138.54,727.21,0.00
2025-01-07 00:00:00,72.60,157.20,19.57,45.06,35.84,2.59,6.28,1.47,17.17,4.79,3.78,1.36,NA,NA,NA,28.17,69.57,0.82,238.15,0.00,0.00,132.70,724.85,0.00
2025-01-08 00:00:00,79.44,166.00,17.72,47.18,35.86,2.57,6.66,1.36,16.28,4.46,3.51,1.26,NA,NA,NA,27.94,74.51,0.70,238.41,0.00,0.00,129.14,726.94,0.00
2025-01-09 00:00:00,75.65,163.44,19.46,45.26,35.88,2.66,6.23,1.51,22.95,4.97,3.92,1.41,NA,NA,NA,27.53,75.00,0.87,260.26,0.00,0.00,133.57,727.39,0.00
2025-01-10 00:00:00,78.90,136.00,15.70,41.30,31.50,2.30,4.72,1.03,25.93,7.22,5.69,2.05,NA,NA,NA,28.02,78.81,1.07,240.19,0.00,0.00,126.88,729.06,0.00
2025-01-11 00:00:00,71.11,133.31,13.85,35.60,27.33,1.92,5.22,0.93,27.80,3.12,2.46,0.88,NA,NA,NA,28.54,81.11,1.38,230.27,0.00,0.00,127.06,729.98,0.00
2025-01-12 00:00:00,70.14,121.40,13.84,34.79,26.90,2.05,5.62,0.90,32.90,2.97,2.35,0.84,NA,NA,NA,28.72,80.83,1.55,241.50,0.00,0.00,115.86,728.55,0.00
2025-01-13 00:00:00,73.72,154.25,14.70,39.49,29.93,2.14,5.56,1.11,19.84,3.60,2.84,1.02,NA,NA,NA,28.54,79.76,0.75,245.07,0.00,0.00,118.23,727.92,0.00
2025-01-14 00:00:00,66.23,113.73,18.93,39.61,32.56,2.03,4.51,0.84,18.91,2.81,2.21,0.80,NA,NA,NA,28.71,71.21,1.10,256.62,0.00,0.00,145.31,727.87,0.00
2025-01-15 00:00:00,54.62,100.71,16.77,37.67,30.21,2.22,5.95,1.48,20.65,28.62,22.55,8.11,NA,NA,NA,29.78,79.39,1.07,250.43,0.00,0.00,116.12,735.80,0.00
2025-01-16 00:00:00,69.46,105.73,16.89,39.01,31.00,2.01,4.67,1.86,19.76,6.58,5.18,1.86,NA,NA,NA,29.06,78.79,0.85,244.65,0.04,3.50,122.96,732.05,0.00
2025-01-17 00:00:00,77.99,171.90,18.23,43.17,34.02,2.07,6.23,2.48,15.91,8.91,7.02,2.52,NA,NA,NA,28.95,73.94,1.00,283.90,0.00,0.00,125.43,732.57,0.00
2025-01-18 00:00:00,81.68,150.23,21.83,44.00,36.66,1.66,8.12,2.11,18.56,6.99,5.51,1.98,NA,NA,NA,28.39,78.00,0.77,289.52,0.00,0.00,123.26,730.23,0.00
2025-01-19 00:00:00,77.51,177.02,22.00,47.67,38.71,1.90,9.03,2.18,14.92,17.53,13.81,4.97,NA,NA,NA,27.23,78.58,0.59,159.34,0.00,0.00,154.08,727.98,-0.05
2025-01-20 00:00:00,70.91,168.95,21.53,47.25,38.20,2.49,13.72,1.08,14.25,44.17,34.81,12.52,NA,NA,NA,31.20,57.76,0.97,241.22,0.00,0.00,161.59,728.14,0.00
2025-01-21 00:00:00,58.99,164.32,19.69,44.06,35.38,2.28,7.51,1.97,19.47,12.25,9.65,3.47,NA,NA,NA,29.21,63.17,0.39,225.99,0.00,0.00,143.03,722.99,0.00
2025-01-22 00:00:00,66.95,155.08,19.40,43.99,35.17,2.11,7.15,2.90,25.19,12.50,9.85,3.54,NA,NA,NA,29.21,66.76,0.74,223.56,0.00,0.00,144.73,722.71,-0.00
2025-01-23 00:00:00,63.05,128.88,15.22,36.47,28.63,1.33,7.26,2.47,20.29,8.37,6.59,2.37,NA,NA,NA,29.20,73.57,1.06,225.07,0.00,0.00,141.68,720.03,0.00
2025-01-24 00:00:00,37.98,111.40,15.75,36.25,28.85,1.40,5.47,1.16,20.96,3.98,3.14,1.12,NA,NA,NA,29.62,66.24,1.20,224.39,0.00,0.00,143.30,716.55,0.00
2025-01-25 00:00:00,52.42,102.83,16.82,39.12,31.02,2.00,6.86,2.02,18.55,6.69,5.26,1.89,NA,NA,NA,29.61,58.37,0.69,224.22,0.00,0.00,148.17,717.15,0.00
2025-01-26 00:00:00,NA,113.80,23.94,42.26,37.00,2.42,5.03,1.33,18.02,4.44,3.50,1.26,NA,NA,NA,29.95,66.99,0.75,241.65,0.00,0.00,159.60,716.82,0.00
2025-01-27 00:00:00,59.06,130.14,18.95,41.20,33.41,2.48,10.88,0.86,19.64,6.66,5.25,1.89,NA,NA,NA,32.03,59.04,0.98,240.54,0.00,0.00,201.68,715.91,-0.00
2025-01-28 00:00:00,63.79,124.29,19.84,40.85,33.77,1.96,5.79,1.29,28.47,6.57,5.17,1.86,NA,NA,NA,29.71,71.85,0.68,210.80,0.00,0.00,143.17,716.39,-0.05
2025-01-29 00:00:00,64.57,129.66,16.31,37.92,30.07,1.78,8.65,0.99,29.85,3.24,2.55,0.92,NA,NA,NA,29.61,76.29,0.92,228.51,0.00,0.00,134.15,717.51,-0.00
2025-01-30 00:00:00,68.86,130.86,16.39,36.84,29.55,1.76,5.49,0.87,28.39,2.83,2.23,0.80,NA,NA,NA,29.59,72.93,1.24,210.04,0.00,0.00,144.48,716.57,0.00
2025-01-31 00:00:00,47.00,103.97,17.10,36.82,29.96,1.94,4.76,0.87,22.70,2.89,2.27,0.82,NA,NA,NA,30.40,67.61,0.73,211.76,0.00,0.00,147.15,716.09,-0.00
2025-02-01 00:00:00,46.07,100.18,17.05,37.38,30.23,2.00,6.17,1.43,23.31,4.71,3.71,1.34,NA,NA,NA,30.74,66.83,0.20,209.26,0.00,0.00,147.49,716.93,-0.00
2025-02-02 00:00:00,43.00,93.25,16.14,36.53,29.23,1.95,5.56,0.44,24.70,4.25,3.35,1.20,NA,NA,NA,30.88,62.85,0.20,225.93,0.00,0.00,151.03,716.96,-0.00
2025-02-03 00:00:00,35.92,86.75,17.69,37.05,30.44,2.02,5.38,0.53,27.55,1.87,1.47,0.53,NA,NA,NA,30.85,67.04,0.20,221.05,0.00,0.00,151.12,717.76,-0.02
2025-02-04 00:00:00,46.07,96.89,16.59,36.91,29.70,2.09,7.64,1.08,28.93,3.70,2.91,1.05,NA,NA,NA,31.12,64.47,0.20,208.34,0.00,0.00,152.76,718.02,0.00
2025-02-05 00:00:00,50.81,99.40,19.10,38.71,32.18,2.08,6.85,0.83,28.65,2.85,2.25,0.81,NA,NA,NA,31.46,63.43,0.20,220.46,0.00,0.00,145.92,717.75,0.00
2025-02-06 00:00:00,47.50,105.45,19.50,35.42,30.67,1.88,10.00,1.61,22.13,8.51,6.70,2.41,NA,NA,NA,32.75,60.90,0.20,249.92,0.00,0.00,171.67,717.90,-0.00
2025-02-07 00:00:00,73.01,149.81,17.63,42.99,33.56,1.98,6.42,2.72,24.18,8.97,7.07,2.54,NA,NA,NA,30.87,71.74,0.20,225.94,0.00,0.00,123.90,720.78,0.00
2025-02-08 00:00:00,70.19,146.10,17.12,43.34,33.44,2.00,5.51,1.96,21.64,9.97,7.85,2.83,NA,NA,NA,31.17,69.15,0.20,231.07,0.00,0.00,131.41,721.19,0.00
2025-02-09 00:00:00,73.61,158.56,19.99,43.31,35.17,1.83,6.01,1.60,24.44,5.17,4.07,1.47,NA,NA,NA,31.09,70.67,0.20,238.58,0.00,0.00,139.98,721.94,0.00
2025-02-10 00:00:00,66.75,132.97,16.81,37.71,30.26,1.81,8.60,2.32,27.70,12.43,9.80,3.52,NA,NA,NA,30.87,71.57,0.20,217.45,0.00,0.00,140.65,723.40,-0.02
2025-02-11 00:00:00,75.33,141.42,16.18,38.08,30.07,1.75,9.72,2.05,28.88,8.41,6.63,2.38,NA,NA,NA,31.13,73.12,0.20,219.46,0.00,0.00,134.96,723.73,-0.01
2025-02-12 00:00:00,64.84,135.65,17.09,42.35,32.89,2.20,12.37,1.85,16.14,9.42,7.42,2.67,NA,NA,NA,31.34,68.57,0.20,190.88,0.00,0.00,143.81,724.86,0.00
2025-02-13 00:00:00,67.04,162.61,18.22,47.40,36.26,2.37,6.66,2.71,20.58,9.07,7.15,2.57,NA,NA,NA,32.70,58.37,0.21,141.02,0.00,0.00,191.33,723.74,-0.00
2025-02-14 00:00:00,64.47,168.76,23.38,50.73,41.17,2.37,12.59,1.71,14.61,5.65,4.45,1.60,NA,NA,NA,30.59,62.47,0.20,161.80,0.00,0.00,147.23,723.93,0.00
2025-02-15 00:00:00,64.70,172.80,25.10,47.81,40.66,2.35,12.00,1.41,17.39,10.21,8.04,2.89,NA,NA,NA,30.50,60.86,0.33,133.26,0.00,0.00,145.99,718.81,0.00
2025-02-16 00:00:00,62.41,147.10,22.23,46.00,37.96,2.03,10.13,3.07,17.80,10.63,8.36,3.00,NA,NA,NA,30.99,57.40,0.40,202.41,0.00,0.00,152.46,718.78,0.00
2025-02-17 00:00:00,56.24,131.42,17.52,41.39,32.65,1.95,12.62,1.55,23.96,10.21,8.04,2.89,NA,NA,NA,31.28,62.30,0.49,228.72,0.00,0.00,151.95,720.05,0.01
2025-02-18 00:00:00,62.18,134.33,17.54,43.30,33.66,1.59,6.99,1.15,19.21,4.03,3.17,1.15,NA,NA,NA,31.42,69.74,0.45,214.51,0.00,0.00,150.99,719.59,0.00
2025-02-19 00:00:00,64.66,140.69,17.62,43.45,33.79,1.54,7.12,1.85,18.99,8.82,6.95,2.50,NA,NA,NA,31.85,69.29,0.54,235.76,0.00,0.00,147.46,717.82,0.00
2025-02-20 00:00:00,72.28,165.14,18.72,41.22,33.28,1.33,6.47,0.61,16.61,2.09,1.65,0.60,NA,NA,NA,32.08,74.31,0.40,257.03,0.00,0.00,127.83,718.01,-0.00
2025-02-21 00:00:00,62.59,151.48,22.14,40.93,35.21,1.60,10.66,1.13,15.12,14.91,11.74,4.23,NA,NA,NA,31.86,71.56,0.42,212.60,0.00,0.00,138.12,719.39,0.00
2025-02-22 00:00:00,64.87,157.91,24.62,43.40,38.02,2.03,11.73,0.94,13.46,24.21,19.07,6.86,NA,NA,NA,31.44,70.93,0.53,106.55,0.00,0.00,149.41,719.95,0.01
2025-02-23 00:00:00,67.04,163.51,20.29,43.96,35.69,1.82,7.49,0.93,14.18,3.10,2.44,0.88,NA,NA,NA,31.38,64.50,0.51,162.54,0.00,0.00,160.82,719.80,-0.00
2025-02-24 00:00:00,51.83,135.27,21.55,40.30,34.51,2.48,10.98,0.61,21.70,17.40,13.71,4.94,NA,NA,NA,31.11,61.18,0.50,256.90,0.00,0.00,158.87,720.50,-0.02
2025-02-25 00:00:00,48.74,127.94,20.07,41.12,34.04,2.55,7.66,1.32,23.47,11.13,8.76,3.16,NA,NA,NA,30.89,65.36,0.54,256.79,0.00,0.00,154.02,721.38,0.00
2025-02-26 00:00:00,62.99,146.69,18.82,43.40,34.51,2.15,6.27,0.81,18.25,2.71,2.14,0.77,NA,NA,NA,31.03,70.77,0.54,178.05,0.00,0.00,143.92,721.12,0.00
2025-02-27 00:00:00,63.11,137.76,17.78,38.69,31.37,2.11,9.47,1.29,26.58,29.85,23.53,8.46,NA,NA,NA,31.17,71.22,0.51,264.71,0.00,0.00,158.54,720.48,-0.00
2025-02-28 00:00:00,70.00,150.31,16.76,40.24,31.58,2.04,6.14,1.39,26.28,4.62,3.64,1.31,NA,NA,NA,31.04,73.68,0.54,281.44,0.00,0.00,157.43,720.04,0.00
2025-03-01 00:00:00,60.56,139.94,17.07,37.84,30.49,1.99,6.34,0.64,27.73,2.14,1.68,0.61,NA,NA,NA,31.38,69.67,0.65,280.71,0.00,0.00,160.83,718.77,0.00
2025-03-02 00:00:00,43.00,148.00,28.81,41.80,39.70,0.10,NA,0.00,35.20,0.00,0.00,0.00,NA,NA,NA,28.75,72.00,0.35,248.50,0.00,0.00,19.00,718.50,0.00
2025-03-03 00:00:00,60.15,169.38,24.09,49.80,41.10,2.90,12.76,1.04,13.98,3.51,2.76,0.99,NA,NA,NA,35.74,57.62,0.29,68.71,2.20,90.00,209.57,749.45,-0.02
2025-03-04 00:00:00,66.49,164.26,22.65,53.77,42.34,2.57,14.19,0.88,17.37,2.98,2.35,0.85,NA,NA,NA,34.10,67.35,0.20,145.24,0.01,1.00,177.84,755.56,0.00
2025-03-05 00:00:00,80.10,181.42,23.13,53.93,42.72,2.60,7.91,1.18,7.55,3.89,3.07,1.11,NA,NA,NA,30.89,75.60,0.20,114.78,0.00,0.00,118.20,754.60,0.00
2025-03-06 00:00:00,NA,NA,NA,NA,NA,NA,NA,NA,NA,NA,NA,NA,NA,NA,NA,NA,NA,NA,NA,NA,0.00,NA,NA,NA
2025-03-07 00:00:00,55.30,142.55,18.14,50.09,37.66,2.40,12.84,1.60,23.19,14.91,7.10,26.17,NA,NA,NA,32.32,47.26,0.99,109.45,1.48,69.50,152.64,718.62,0.00
2025-03-08 00:00:00,54.64,126.68,17.48,45.74,34.93,2.73,13.15,0.85,30.52,1.96,0.94,3.45,NA,NA,NA,30.69,51.70,1.09,179.53,6.72,524.50,144.35,718.69,0.00
2025-03-09 00:00:00,54.74,118.98,17.72,40.17,32.12,1.69,5.99,1.06,35.31,1.80,0.86,3.16,NA,NA,NA,30.44,64.42,1.68,220.38,15.31,581.80,132.81,718.57,0.00
2025-03-10 00:00:00,38.05,91.80,18.16,34.77,29.52,1.65,5.24,0.88,31.02,8.10,3.86,14.22,NA,NA,NA,30.08,72.67,1.62,171.34,14.02,925.00,134.47,721.64,0.00
2025-03-11 00:00:00,56.19,123.92,17.02,36.19,29.58,1.77,8.19,0.89,30.66,4.31,2.06,7.56,NA,NA,NA,30.51,70.24,1.36,203.05,10.02,802.00,134.09,721.88,0.00
2025-03-12 00:00:00,63.25,139.91,22.23,40.28,34.91,2.24,6.93,1.12,31.16,2.37,1.13,4.16,NA,NA,NA,31.39,61.91,1.01,217.35,3.92,219.50,137.76,720.97,0.00
2025-03-13 00:00:00,61.11,129.81,17.93,41.81,33.11,1.85,10.25,1.05,23.55,1.76,0.85,3.10,NA,NA,NA,31.90,63.38,1.16,234.41,1.87,155.00,136.24,719.82,0.00
2025-03-14 00:00:00,55.84,120.65,19.62,36.91,31.53,1.49,6.50,0.75,29.63,1.30,0.62,2.29,NA,NA,NA,32.93,59.90,1.24,214.02,5.69,261.70,145.37,719.97,0.00
2025-03-15 00:00:00,57.33,101.00,16.25,26.25,23.80,1.20,4.97,0.34,45.70,0.58,0.27,1.02,NA,NA,NA,35.88,48.33,2.47,268.00,NA,0.00,432.83,722.33,0.00
2025-03-16 00:00:00,NA,NA,NA,NA,NA,NA,NA,NA,NA,NA,NA,NA,NA,NA,NA,NA,NA,NA,NA,NA,0.00,NA,NA,NA
2025-03-17 00:00:00,47.02,132.06,18.08,41.67,33.12,2.87,10.02,0.37,31.91,0.64,0.31,1.12,NA,NA,NA,34.55,50.02,0.92,161.71,0.00,0.00,126.18,720.29,0.00
2025-03-18 00:00:00,57.11,128.57,18.65,40.29,32.75,2.09,6.63,0.71,32.38,1.22,0.58,2.15,NA,NA,NA,32.45,62.93,1.13,183.65,1.12,97.10,143.55,720.54,0.00
2025-03-19 00:00:00,32.92,83.00,17.63,31.63,27.52,2.01,5.55,0.68,29.88,1.17,0.57,2.07,NA,NA,NA,31.92,65.46,2.02,240.48,3.71,156.00,145.73,721.67,0.00
2025-03-20 00:00:00,20.80,60.23,16.20,28.18,24.82,2.01,3.74,0.62,21.61,1.07,0.52,1.87,NA,NA,NA,31.57,68.72,2.04,269.25,1.18,39.00,147.82,722.50,0.00
2025-03-21 00:00:00,32.83,95.76,16.11,30.61,26.05,2.15,5.25,0.81,24.49,1.38,0.66,2.43,NA,NA,NA,31.05,74.26,2.29,223.74,10.35,279.50,135.32,722.67,0.00
2025-03-22 00:00:00,30.57,63.35,17.41,29.94,26.50,1.79,8.68,0.60,16.44,2.89,1.38,5.07,NA,NA,NA,30.41,74.23,1.72,248.40,0.24,23.00,144.58,722.52,0.00
2025-03-23 00:00:00,30.84,63.74,16.18,31.73,26.69,1.97,6.19,0.61,16.50,1.05,0.51,1.85,NA,NA,NA,30.79,79.82,1.27,225.69,0.00,0.00,123.69,722.65,0.00
2025-03-24 00:00:00,33.68,81.67,17.11,33.48,28.18,2.17,5.03,0.79,17.49,1.35,0.64,2.36,NA,NA,NA,31.65,76.89,0.83,221.07,0.00,0.00,140.64,722.49,0.00
2025-03-25 00:00:00,61.74,117.89,38.66,103.45,131.62,2.76,9.17,0.91,16.02,1.56,0.75,2.75,NA,NA,NA,32.05,71.99,0.53,229.91,0.00,0.00,153.61,724.25,0.00
2025-03-26 00:00:00,54.03,117.60,48.85,235.55,154.95,5.28,10.33,0.98,19.39,1.91,0.91,3.35,NA,NA,NA,32.51,68.82,0.63,221.94,0.02,2.00,144.18,729.14,0.00
2025-03-27 00:00:00,60.04,130.66,27.00,50.60,43.29,5.36,10.36,1.32,22.41,2.24,1.07,3.94,NA,NA,NA,33.26,62.43,0.78,196.64,0.02,2.00,155.53,729.06,0.00
2025-03-28 00:00:00,70.02,151.32,26.47,54.53,45.07,5.42,12.64,1.06,23.22,1.80,0.86,3.17,NA,NA,NA,33.71,61.32,0.60,164.11,0.01,1.00,139.67,728.80,0.00
2025-03-29 00:00:00,73.51,149.61,28.04,51.76,44.54,4.94,10.74,0.85,24.06,5.84,2.78,10.26,NA,NA,NA,33.98,64.22,0.60,213.11,0.16,15.00,142.56,728.91,0.00
2025-03-30 00:00:00,70.68,135.72,24.67,41.11,36.83,4.15,6.02,0.65,34.07,2.81,1.35,4.94,NA,NA,NA,34.01,63.02,0.83,259.92,0.67,57.00,165.51,729.75,0.00
2025-03-31 00:00:00,47.77,108.50,24.30,34.24,32.96,5.03,5.28,1.02,43.22,1.75,0.83,3.08,NA,NA,NA,34.45,51.56,1.46,292.81,4.65,242.00,174.83,725.79,0.00
2025-04-01 00:00:00,48.42,111.04,24.36,38.19,35.09,4.48,5.66,0.70,27.37,1.21,0.58,2.13,NA,NA,NA,32.28,67.52,0.98,194.29,0.26,24.50,143.49,726.15,0.00
2025-04-02 00:00:00,30.23,84.65,26.22,36.41,35.28,4.56,4.89,0.83,18.39,1.42,0.68,2.47,NA,NA,NA,31.88,71.51,1.13,141.09,0.07,7.00,153.85,727.42,0.00
2025-04-03 00:00:00,33.90,72.99,27.45,28.18,31.64,4.99,6.11,0.95,15.86,1.63,0.78,2.86,NA,NA,NA,28.06,81.24,1.28,223.88,0.67,60.50,98.29,727.83,0.00
2025-04-04 00:00:00,28.18,75.73,33.26,28.41,35.30,7.92,8.21,0.76,16.45,1.32,0.63,2.34,NA,NA,NA,30.37,74.75,0.62,172.26,0.00,0.00,160.99,724.27,0.00
2025-04-05 00:00:00,46.56,102.51,29.11,34.15,35.83,6.89,7.62,0.78,12.88,1.35,0.64,2.37,NA,NA,NA,31.88,69.36,0.46,178.38,0.47,45.00,158.44,722.92,0.00
2025-04-06 00:00:00,46.91,102.66,25.40,34.56,33.78,6.27,7.59,0.71,16.13,1.21,0.58,2.14,NA,NA,NA,32.68,68.12,0.83,215.54,0.07,7.00,160.50,721.91,0.00
2025-04-07 00:00:00,49.12,117.38,24.75,34.56,33.40,6.26,6.62,0.70,20.13,1.19,0.57,2.10,NA,NA,NA,32.83,64.95,1.05,199.99,0.12,12.00,163.92,722.07,0.00
2025-04-08 00:00:00,29.43,91.82,25.20,32.00,32.32,5.98,2.60,0.67,24.57,1.15,0.55,2.01,NA,NA,NA,32.47,66.22,0.95,201.58,0.30,28.50,159.30,723.15,0.00
2025-04-09 00:00:00,34.00,86.76,24.22,29.43,30.35,5.70,4.93,0.62,23.98,1.06,0.51,1.84,NA,NA,NA,32.35,69.24,1.30,199.20,0.29,25.00,178.79,722.57,0.00
2025-04-10 00:00:00,36.55,100.95,25.87,33.88,33.72,5.93,8.28,1.04,22.53,1.78,0.85,3.12,NA,NA,NA,31.27,72.12,2.04,221.97,0.63,57.00,122.86,720.58,0.00
2025-04-11 00:00:00,44.25,103.52,25.17,35.05,33.92,6.17,6.80,1.96,21.77,3.32,1.58,5.83,NA,NA,NA,31.86,69.07,1.62,196.79,0.00,0.00,157.88,720.53,0.00
2025-04-12 00:00:00,48.20,130.49,32.22,42.03,41.90,7.07,17.68,0.73,17.98,1.25,0.60,2.20,NA,NA,NA,33.09,59.18,1.56,160.72,0.01,1.00,161.72,721.30,0.00
2025-04-13 00:00:00,54.84,154.95,30.93,49.02,44.84,7.21,10.10,1.38,17.92,2.37,1.13,4.16,NA,NA,NA,33.07,55.70,0.89,141.84,0.00,0.00,166.14,722.39,0.00
2025-04-14 00:00:00,31.92,92.12,25.03,35.21,33.91,5.61,5.02,0.68,27.47,1.15,0.55,2.03,NA,NA,NA,32.69,59.28,1.34,228.74,0.00,0.00,159.74,721.74,0.00
2025-04-15 00:00:00,34.50,83.47,24.68,31.66,31.81,5.35,6.13,0.72,31.68,1.23,0.59,2.17,NA,NA,NA,31.89,63.42,1.70,243.03,0.00,0.00,156.33,721.54,0.00
2025-04-16 00:00:00,38.67,86.82,24.89,26.12,29.00,4.59,5.08,1.04,32.04,1.77,0.85,3.09,NA,NA,NA,31.86,74.97,2.61,244.01,0.00,0.00,153.08,721.91,0.00
2025-04-17 00:00:00,38.99,85.81,24.68,27.52,29.61,4.93,6.62,0.83,29.84,1.43,0.69,2.51,NA,NA,NA,31.84,74.39,1.76,279.51,0.00,0.00,144.39,721.27,0.00
2025-04-18 00:00:00,45.41,101.36,24.73,29.38,30.63,5.32,5.35,0.83,27.18,1.42,0.69,2.51,NA,NA,NA,31.88,75.41,1.30,273.40,0.00,0.00,123.22,720.77,0.00
2025-04-19 00:00:00,38.66,84.74,24.89,30.13,31.12,5.50,5.61,0.67,25.82,1.17,0.56,2.04,NA,NA,NA,32.58,72.71,1.17,258.74,0.00,0.00,136.00,720.63,0.00
2025-04-20 00:00:00,40.81,101.41,25.26,29.84,31.20,5.60,6.27,0.68,27.48,1.17,0.56,2.05,NA,NA,NA,33.80,65.47,1.25,212.96,0.00,0.00,162.20,720.91,0.00
2025-04-21 00:00:00,38.78,85.63,24.86,29.06,30.55,5.54,6.86,0.72,26.98,1.24,0.59,2.18,NA,NA,NA,32.65,72.11,1.37,242.93,0.00,0.00,122.04,722.87,0.00
2025-04-22 00:00:00,47.35,106.31,26.74,30.11,32.24,5.52,3.26,0.77,33.77,1.34,0.64,2.35,NA,NA,NA,35.18,60.84,1.22,264.90,0.00,0.00,170.51,722.91,0.00
2025-04-23 00:00:00,53.67,118.68,27.25,29.87,32.42,5.64,6.76,0.78,28.40,1.34,0.64,2.37,NA,NA,NA,34.22,64.40,1.05,266.76,0.00,0.00,143.68,722.06,0.00
2025-04-24 00:00:00,45.74,115.25,25.20,28.85,30.65,5.30,5.73,0.57,32.14,0.99,0.48,1.74,NA,NA,NA,33.95,62.31,1.74,259.66,0.71,66.30,141.47,721.53,0.00
2025-04-25 00:00:00,41.01,98.05,26.98,28.88,31.73,5.57,5.45,0.64,30.93,6.84,3.26,12.01,NA,NA,NA,33.58,64.06,1.62,216.52,0.26,25.00,150.98,722.38,0.00
2025-04-26 00:00:00,45.17,122.39,27.95,35.67,35.93,6.16,7.82,0.68,24.21,1.19,0.57,2.08,NA,NA,NA,32.95,66.71,0.99,147.97,0.08,8.00,147.81,721.96,0.00
2025-04-27 00:00:00,48.24,130.58,27.63,37.98,36.96,6.19,8.91,0.58,11.67,1.01,0.49,1.76,NA,NA,NA,30.09,79.32,1.09,143.45,0.00,0.00,60.89,723.82,0.00
2025-04-28 00:00:00,36.76,86.76,26.45,25.48,29.60,5.30,8.74,0.96,24.33,1.56,0.75,2.74,NA,NA,NA,34.24,58.54,0.85,245.90,7.21,86.50,119.12,723.41,0.00
2025-04-29 00:00:00,33.55,78.47,27.67,24.10,29.60,5.03,4.16,0.62,23.28,1.07,0.50,1.86,NA,NA,NA,32.68,67.54,1.78,264.53,2.19,186.30,131.93,718.60,0.00
2025-04-30 00:00:00,39.77,105.37,27.68,26.85,31.08,5.43,8.61,0.63,23.09,1.08,0.52,1.89,NA,NA,NA,33.75,62.85,1.50,256.54,5.35,492.50,157.57,718.51,0.00
2025-05-01 00:00:00,30.42,81.20,27.38,22.17,28.41,4.86,4.95,0.78,27.37,1.36,0.65,2.38,NA,NA,NA,33.13,69.82,2.09,218.09,3.58,340.50,152.61,720.11,0.00
2025-05-02 00:00:00,28.53,78.50,26.43,23.77,28.68,5.29,6.18,0.66,24.68,1.14,0.55,2.01,NA,NA,NA,32.96,70.94,1.90,213.55,3.25,302.50,197.18,718.69,0.00
2025-05-03 00:00:00,28.74,79.14,24.27,27.11,29.14,5.61,6.28,1.35,25.63,2.30,1.10,4.03,NA,NA,NA,32.95,62.50,1.89,232.22,0.00,0.00,154.49,714.89,0.00
2025-05-04 00:00:00,37.97,101.58,26.38,29.05,31.45,5.69,5.14,0.53,24.83,0.92,0.44,1.61,NA,NA,NA,32.48,65.40,1.74,138.01,0.00,0.00,147.97,715.96,0.00
2025-05-05 00:00:00,35.30,93.02,27.36,26.15,30.51,5.65,5.99,0.62,23.70,1.07,0.52,1.87,NA,NA,NA,32.79,68.41,1.75,238.44,0.00,0.00,158.62,714.78,0.00
2025-05-06 00:00:00,27.25,77.68,27.69,30.08,32.80,5.98,6.81,0.57,25.62,0.97,0.47,1.70,NA,NA,NA,32.36,65.55,1.53,160.62,0.00,0.00,153.93,715.44,0.00
2025-05-07 00:00:00,22.48,78.91,28.61,32.64,34.71,6.26,5.04,0.66,20.27,1.15,0.55,2.02,NA,NA,NA,31.95,66.49,1.41,148.93,0.07,5.00,186.88,715.99,0.00
2025-05-08 00:00:00,26.69,94.94,28.85,32.43,34.75,5.71,9.28,1.28,17.03,2.17,1.03,3.81,NA,NA,NA,33.50,61.06,1.15,132.72,0.00,0.00,146.72,714.35,0.00
2025-05-09 00:00:00,30.25,82.48,28.43,30.13,33.28,5.72,7.82,0.69,19.04,1.20,0.57,2.11,NA,NA,NA,32.56,66.55,1.34,214.57,0.00,0.00,136.95,715.56,0.00
2025-05-10 00:00:00,28.83,79.01,29.26,31.34,34.43,5.80,6.06,0.79,16.67,2.56,1.22,4.49,NA,NA,NA,33.14,63.98,1.34,204.20,0.00,0.00,126.23,715.60,0.00
2025-05-11 00:00:00,33.99,72.64,29.25,25.71,31.42,5.36,4.57,0.68,19.43,1.18,0.57,2.06,NA,NA,NA,33.49,64.04,1.46,228.49,0.00,0.00,196.07,715.34,0.00
2025-05-12 00:00:00,37.46,84.54,28.50,29.06,32.75,5.82,10.40,0.45,26.66,0.79,0.38,1.40,NA,NA,NA,34.79,63.63,1.87,167.65,0.32,19.00,222.32,713.72,0.00
2025-05-13 00:00:00,40.58,81.18,28.96,24.09,30.38,4.98,6.92,1.94,26.09,7.39,3.52,12.98,NA,NA,NA,57.91,74.83,1.62,178.44,0.00,0.00,331.82,725.24,0.00
2025-05-14 00:00:00,31.34,76.49,28.84,28.37,32.59,5.81,4.35,1.15,24.28,1.97,0.94,3.46,NA,NA,NA,56.40,77.09,1.78,147.61,0.08,7.50,281.49,722.60,0.00
2025-05-15 00:00:00,30.78,61.82,32.20,22.98,31.75,5.57,5.85,0.90,12.95,1.55,0.75,2.73,NA,NA,NA,5.68,78.24,1.46,199.48,0.70,66.50,34.54,715.79,0.00
2025-05-16 00:00:00,28.73,72.48,27.81,26.30,30.86,6.38,6.72,0.71,17.30,1.23,0.59,2.16,NA,NA,NA,0.20,80.67,0.96,231.84,0.00,0.00,3.39,714.50,0.00
2025-05-17 00:00:00,28.26,82.16,27.04,26.06,30.27,5.73,10.98,0.48,19.22,4.88,2.33,8.58,NA,NA,NA,0.24,79.43,1.19,281.45,0.29,27.80,12.13,713.91,0.00
2025-05-18 00:00:00,28.58,68.54,27.53,26.12,30.59,6.49,4.21,0.56,18.60,0.98,0.47,1.72,NA,NA,NA,0.20,81.31,1.05,297.00,0.00,0.00,23.43,713.43,0.00
2025-05-19 00:00:00,41.07,76.16,28.89,24.99,30.82,6.10,3.80,0.70,16.79,1.21,0.58,2.13,NA,NA,NA,0.25,82.36,0.71,310.51,0.13,12.50,23.49,713.15,0.00
2025-05-20 00:00:00,24.67,59.60,26.70,22.75,28.31,5.85,5.21,0.74,13.71,1.29,0.61,2.25,NA,NA,NA,16.70,80.33,1.17,337.86,0.02,2.00,68.91,714.31,0.00
2025-05-21 00:00:00,15.62,50.12,34.26,21.23,32.08,6.35,7.58,0.79,22.32,3.86,1.84,6.77,NA,NA,NA,31.30,87.32,1.09,346.62,0.00,0.00,90.43,719.35,0.00
2025-05-22 00:00:00,11.69,56.24,33.32,14.71,28.04,7.39,7.30,0.86,70.66,2.03,0.97,3.56,NA,NA,NA,32.32,81.27,2.03,337.66,0.00,0.00,148.62,729.12,0.00
2025-05-23 00:00:00,10.91,47.46,29.56,15.42,26.14,6.53,5.00,0.59,28.72,1.01,0.48,1.76,NA,NA,NA,35.04,89.62,2.68,300.91,0.00,0.00,185.22,771.54,0.00
2025-05-24 00:00:00,8.01,19.85,28.37,17.91,26.75,6.41,4.68,1.14,13.27,1.97,0.94,3.45,NA,NA,NA,35.26,91.44,2.41,289.02,0.00,0.00,160.49,786.08,0.00
2025-05-25 00:00:00,8.35,23.56,34.70,25.93,34.84,5.52,7.00,2.09,9.02,3.57,1.70,6.28,NA,NA,NA,34.97,91.69,2.67,291.83,0.00,0.00,200.29,782.18,0.00
2025-05-26 00:00:00,12.90,37.32,35.18,23.19,33.68,5.22,7.18,1.01,11.79,3.76,1.80,6.61,NA,NA,NA,33.62,93.12,1.19,315.34,0.01,0.50,122.75,753.12,0.00
2025-05-27 00:00:00,12.17,29.16,29.05,23.49,30.12,6.10,4.89,0.64,10.69,1.08,0.52,1.91,NA,NA,NA,32.86,90.41,2.14,322.52,0.00,0.00,136.07,744.29,0.00
2025-05-28 00:00:00,17.63,56.30,28.58,26.00,31.17,6.32,5.26,0.70,12.62,1.21,0.58,2.12,NA,NA,NA,32.94,89.36,2.12,311.69,0.00,0.00,96.20,756.72,0.00
2025-05-29 00:00:00,20.14,62.85,29.76,26.08,31.92,6.37,7.49,1.19,11.88,2.27,1.09,3.98,NA,NA,NA,33.44,91.59,2.68,303.41,0.00,0.00,143.65,766.84,0.00
2025-05-30 00:00:00,27.29,101.64,30.40,22.68,30.51,5.38,7.42,1.59,10.93,4.66,2.22,8.17,NA,NA,NA,35.47,88.34,2.72,300.75,0.00,0.00,193.67,770.86,0.00
2025-05-31 00:00:00,26.02,97.76,29.03,20.74,28.66,6.28,5.73,0.62,12.44,1.08,0.51,1.91,NA,NA,NA,36.09,79.74,3.44,301.80,0.00,0.00,218.33,772.24,0.00
2025-06-01 00:00:00,18.81,70.03,29.31,21.90,29.43,5.79,5.31,0.69,11.62,1.20,0.57,2.10,NA,NA,NA,35.73,84.53,3.33,302.30,0.00,0.00,217.57,773.40,0.00
2025-06-02 00:00:00,14.45,60.62,34.09,20.08,31.37,5.44,6.49,0.75,13.74,3.75,1.79,6.58,NA,NA,NA,35.75,87.77,2.95,299.03,0.01,0.80,172.04,780.35,0.00
2025-06-03 00:00:00,18.80,70.31,29.27,20.97,28.92,6.38,5.99,0.64,12.68,1.09,0.52,1.91,NA,NA,NA,37.04,86.39,2.88,280.71,0.00,0.00,208.21,798.62,0.00
2025-06-04 00:00:00,20.21,78.77,29.01,21.91,29.25,6.41,5.48,0.62,13.76,1.07,0.52,1.88,NA,NA,NA,36.64,83.82,2.67,292.34,0.00,0.00,213.39,785.20,0.00
2025-06-05 00:00:00,14.88,61.35,29.93,25.63,31.78,6.84,5.79,0.64,15.22,1.11,0.53,1.95,NA,NA,NA,35.81,86.63,1.10,292.89,0.00,0.00,194.58,787.24,0.00
2025-06-06 00:00:00,37.90,99.28,30.67,25.80,32.33,6.76,7.36,0.67,14.58,1.16,0.55,2.04,NA,NA,NA,37.30,80.25,0.97,293.44,0.00,0.00,212.23,785.27,0.00
2025-06-07 00:00:00,33.54,87.41,29.57,23.41,30.39,6.48,7.46,0.68,18.73,1.17,0.56,2.06,NA,NA,NA,37.14,83.83,2.02,295.24,0.00,0.00,218.50,782.52,0.00
2025-06-08 00:00:00,29.34,76.42,29.07,23.81,30.30,6.64,5.15,0.64,19.86,1.09,0.52,1.90,NA,NA,NA,37.05,84.85,2.33,293.80,0.00,0.00,211.59,783.55,0.00
2025-06-09 00:00:00,26.01,70.21,28.73,26.94,31.75,6.65,5.13,0.57,15.33,0.99,0.48,1.75,NA,NA,NA,34.30,94.83,2.65,293.55,0.00,0.00,113.48,783.99,0.00
2025-06-10 00:00:00,29.63,92.61,28.07,29.85,32.90,6.99,4.84,0.69,12.27,2.52,1.20,4.42,NA,NA,NA,34.52,92.98,2.25,290.55,0.00,0.00,141.22,784.68,0.00
2025-06-11 00:00:00,36.67,109.35,19.48,31.53,28.59,7.33,6.07,0.77,12.10,1.34,0.64,2.34,NA,NA,NA,35.80,91.40,2.07,281.51,0.00,0.00,182.51,794.82,0.00
2025-06-12 00:00:00,36.33,79.63,22.29,30.95,29.99,7.05,6.83,0.57,11.80,0.98,0.47,1.72,NA,NA,NA,35.58,89.97,1.06,288.51,0.00,0.00,172.26,785.87,0.00
2025-06-13 00:00:00,37.19,57.45,28.95,25.07,30.89,6.53,8.71,0.52,16.48,0.91,0.44,1.62,NA,NA,NA,36.15,91.00,0.60,288.28,0.00,0.00,171.45,787.28,0.00
2025-06-14 00:00:00,14.39,29.46,29.50,23.44,30.36,6.42,4.25,0.58,16.25,1.02,0.49,1.79,NA,NA,NA,36.26,94.80,1.98,281.57,0.00,0.00,187.62,795.30,0.00
2025-06-15 00:00:00,5.64,23.66,29.10,17.78,27.11,6.03,4.80,0.38,14.89,0.66,0.32,1.16,NA,NA,NA,35.30,92.46,3.36,286.74,0.00,0.00,163.71,787.82,0.00
2025-06-16 00:00:00,11.37,49.01,29.04,20.70,28.63,6.33,7.21,1.12,15.25,1.90,0.91,3.35,NA,NA,NA,33.72,89.71,3.41,305.06,0.00,0.00,137.84,765.98,0.00
2025-06-17 00:00:00,16.15,69.74,29.48,20.31,28.68,6.42,5.60,0.88,14.45,1.49,0.72,2.62,NA,NA,NA,35.28,79.88,3.57,308.47,0.00,0.00,191.10,763.53,0.00
2025-06-18 00:00:00,13.91,60.36,29.90,20.44,29.01,6.61,3.43,0.55,14.33,0.97,0.47,1.70,NA,NA,NA,34.42,81.68,3.67,324.43,0.00,0.00,159.25,744.37,0.00
2025-06-19 00:00:00,12.40,51.21,29.39,17.50,27.15,6.17,5.46,0.83,15.37,1.43,0.68,2.51,NA,NA,NA,35.64,87.61,4.24,299.68,0.00,0.00,136.96,774.07,0.00
2025-06-20 00:00:00,12.17,47.46,29.43,20.10,28.54,6.42,4.26,0.60,14.11,1.03,0.49,1.81,NA,NA,NA,35.65,85.24,3.79,301.54,0.00,0.00,177.47,772.96,0.00
2025-06-21 00:00:00,10.89,42.14,29.18,17.60,27.07,6.16,5.72,0.49,14.48,0.85,0.41,1.51,NA,NA,NA,35.89,83.18,4.27,302.83,0.00,0.00,203.82,771.48,0.00
2025-06-22 00:00:00,10.30,42.11,29.37,17.49,27.11,6.31,4.90,0.65,14.66,1.12,0.53,1.97,NA,NA,NA,35.91,81.39,4.08,301.67,0.00,0.00,199.65,772.27,0.00
2025-06-23 00:00:00,13.11,47.24,29.39,16.58,26.65,6.15,6.71,1.12,15.16,1.93,0.92,3.38,NA,NA,NA,33.68,84.34,4.51,318.65,0.00,0.00,109.12,750.73,0.00
2025-06-24 00:00:00,13.47,40.51,29.20,17.51,27.03,6.05,7.07,0.39,14.53,0.68,0.33,1.19,NA,NA,NA,31.34,92.02,4.45,340.97,0.00,0.00,92.11,723.09,0.00
2025-06-25 00:00:00,13.74,46.12,29.36,17.98,27.37,6.04,7.25,1.02,13.58,1.72,0.82,3.01,NA,NA,NA,31.68,89.35,4.03,340.49,0.00,0.00,121.24,723.36,0.00
2025-06-26 00:00:00,14.70,53.40,30.05,20.21,28.97,6.42,6.39,1.37,11.67,6.26,2.99,10.99,NA,NA,NA,31.89,85.02,3.55,340.55,0.00,0.00,110.78,723.93,0.00
2025-06-27 00:00:00,18.80,83.59,33.15,21.45,31.52,6.77,4.92,0.29,12.81,7.02,3.34,12.32,NA,NA,NA,32.04,87.51,3.40,340.35,0.00,0.00,149.11,725.21,0.00
2025-06-28 00:00:00,16.72,57.46,30.48,20.48,29.39,6.53,5.40,0.70,11.76,2.38,1.13,4.18,NA,NA,NA,32.75,82.01,3.19,340.49,0.00,0.00,151.02,725.58,0.00
2025-06-29 00:00:00,14.05,53.24,29.34,20.03,28.46,5.51,6.37,0.51,12.59,0.85,0.41,1.50,NA,NA,NA,31.85,86.97,4.00,340.19,0.00,0.00,118.20,725.33,0.00
2025-06-30 00:00:00,13.18,42.64,35.35,21.12,32.67,4.53,10.18,0.74,10.39,11.62,5.54,20.41,NA,NA,NA,31.54,85.66,2.99,339.94,0.01,0.50,99.38,725.25,-0.06
2025-07-01 00:00:00,10.09,34.93,35.61,17.40,30.87,5.83,7.59,0.66,8.34,5.48,2.61,9.62,NA,NA,NA,30.54,92.68,3.45,339.29,0.00,0.00,102.11,726.48,0.00
2025-07-02 00:00:00,13.35,44.06,34.11,19.69,31.17,6.05,6.31,0.56,7.00,9.43,4.49,16.56,NA,NA,NA,30.33,99.75,2.31,339.00,0.00,0.00,75.67,726.42,0.00
2025-07-03 00:00:00,10.16,37.58,31.54,17.41,28.39,6.36,7.79,0.86,8.89,1.48,0.70,2.59,NA,NA,NA,31.52,90.42,3.34,339.46,0.00,0.00,122.74,726.25,0.00
2025-07-04 00:00:00,11.66,41.24,31.53,18.32,28.87,6.52,8.35,0.79,9.53,1.35,0.64,2.37,NA,NA,NA,31.62,89.67,3.62,339.41,0.00,0.00,131.56,727.42,0.00
2025-07-05 00:00:00,8.78,39.25,30.47,15.90,26.94,6.40,5.74,0.63,11.15,1.09,0.51,1.90,NA,NA,NA,32.70,85.60,4.04,339.32,0.00,0.00,164.28,726.55,0.00
2025-07-06 00:00:00,9.08,53.57,29.76,17.34,27.29,6.60,5.79,0.70,11.64,1.21,0.59,2.13,NA,NA,NA,32.39,84.77,4.10,339.08,0.00,0.00,142.42,726.29,0.00
2025-07-07 00:00:00,12.44,56.25,29.93,19.06,28.30,6.68,4.99,0.49,10.79,0.85,0.40,1.48,NA,NA,NA,31.87,89.34,3.81,339.02,0.00,0.00,102.71,726.45,0.00
2025-07-08 00:00:00,17.97,59.82,33.80,22.10,32.27,5.79,9.25,0.55,10.25,13.44,6.41,23.60,NA,NA,NA,31.22,92.74,3.46,338.98,0.00,0.00,106.11,727.16,0.00
2025-07-09 00:00:00,17.93,103.00,32.68,22.75,31.93,7.12,6.30,1.09,8.44,1.86,0.88,3.26,NA,NA,NA,31.62,90.32,2.92,338.83,0.00,0.00,123.13,727.75,0.00
2025-07-10 00:00:00,24.82,98.36,28.81,26.56,31.60,7.28,7.96,0.68,8.98,1.19,0.56,2.08,NA,NA,NA,32.02,88.19,2.25,339.01,0.00,0.00,126.66,727.73,0.00
2025-07-11 00:00:00,22.49,90.35,25.63,28.40,30.13,6.86,8.89,1.76,8.83,6.65,3.18,11.67,NA,NA,NA,32.56,85.53,1.99,338.56,0.00,0.00,152.51,728.24,0.00
2025-07-12 00:00:00,17.96,78.86,27.70,26.63,30.98,7.07,4.63,0.66,9.98,1.14,0.55,2.00,NA,NA,NA,32.97,86.06,2.36,338.68,0.00,0.00,150.95,728.81,0.00
2025-07-13 00:00:00,11.31,54.81,30.22,24.36,31.29,6.89,5.31,0.68,9.91,1.18,0.56,2.07,NA,NA,NA,32.95,85.38,2.57,338.69,0.00,0.00,154.44,728.87,0.00
2025-07-14 00:00:00,8.53,55.53,32.50,19.89,30.30,6.02,5.96,0.86,11.07,4.11,1.96,7.21,NA,NA,NA,33.11,83.74,3.18,338.66,0.00,0.00,162.56,728.20,0.00
2025-07-15 00:00:00,7.33,41.88,30.88,22.10,30.48,6.73,5.86,0.72,10.52,1.24,0.60,2.17,NA,NA,NA,32.35,89.60,2.54,338.89,0.00,0.00,122.05,727.66,0.00
2025-07-16 00:00:00,15.76,71.33,33.19,29.08,35.61,7.54,5.90,0.69,8.31,1.19,0.58,2.10,NA,NA,NA,32.72,88.45,1.60,338.75,0.00,0.00,133.46,727.09,0.00
2025-07-17 00:00:00,31.41,76.59,32.33,30.42,35.79,7.41,5.32,0.59,8.74,1.01,0.49,1.77,NA,NA,NA,32.63,88.12,1.39,338.60,0.00,0.00,128.99,727.87,0.00
2025-07-18 00:00:00,23.54,65.24,23.89,28.32,29.37,7.21,9.02,0.58,7.14,1.01,0.48,1.77,NA,NA,NA,31.57,88.03,1.04,338.33,0.00,0.00,100.75,729.72,0.00
2025-07-19 00:00:00,20.13,56.33,30.62,21.26,29.88,8.51,5.06,0.79,6.40,1.35,0.65,2.37,NA,NA,NA,31.57,90.54,1.65,338.42,0.00,0.00,197.50,730.97,0.00
2025-07-20 00:00:00,NA,NA,NA,NA,NA,NA,NA,NA,NA,NA,NA,NA,NA,NA,NA,NA,NA,NA,NA,NA,0.00,NA,NA,NA
2025-07-21 00:00:00,16.65,58.63,29.46,24.06,30.67,8.12,6.98,0.40,8.16,0.69,0.33,1.21,NA,NA,NA,31.79,83.24,1.94,338.42,0.00,0.00,151.21,728.10,0.00
2025-07-22 00:00:00,11.39,32.60,30.91,19.11,28.91,7.05,5.65,0.72,7.80,1.26,0.60,2.21,NA,NA,NA,31.50,90.16,2.79,338.48,0.00,0.00,129.39,732.49,0.00
2025-07-23 00:00:00,5.96,15.07,34.13,13.10,27.68,7.42,5.91,0.71,6.82,1.23,0.59,2.16,NA,NA,NA,30.33,96.05,3.15,338.19,0.00,0.00,89.14,728.74,0.00
2025-07-24 00:00:00,13.30,27.76,34.76,12.41,27.69,8.50,5.73,0.77,5.99,1.37,0.65,2.42,NA,NA,NA,29.53,NA,2.34,338.00,0.00,0.00,87.43,727.90,0.00
2025-07-25 00:00:00,NA,32.45,33.61,13.33,27.48,7.44,6.28,0.76,7.06,1.30,0.62,2.26,NA,NA,NA,29.96,99.67,3.31,338.02,0.00,0.00,78.92,725.51,0.00
2025-07-26 00:00:00,8.75,34.60,32.29,14.50,27.30,5.00,5.40,0.93,NA,2.94,2.33,0.83,NA,NA,NA,31.14,NA,3.21,338.00,0.00,0.00,63.58,720.36,0.00
2025-07-27 00:00:00,6.96,29.00,NA,NA,NA,NA,NA,0.49,NA,1.64,1.29,0.46,NA,NA,NA,32.13,91.59,3.75,338.47,0.00,0.00,127.96,720.78,0.00
2025-07-28 00:00:00,11.73,44.97,34.09,20.11,31.39,4.31,7.01,0.65,8.20,1.12,0.54,1.96,NA,NA,NA,32.06,91.03,2.75,338.47,0.00,0.00,49.17,728.00,0.00
2025-07-29 00:00:00,11.23,36.64,33.23,15.08,28.18,6.01,6.79,0.58,9.18,1.02,0.49,1.79,NA,NA,NA,31.66,91.08,4.17,338.41,0.00,0.00,145.79,728.23,0.00
2025-07-30 00:00:00,12.49,47.87,33.53,13.99,27.78,7.45,8.35,0.66,8.42,1.15,0.54,2.01,NA,NA,NA,30.74,93.79,3.33,338.28,0.00,0.00,113.28,728.99,0.00
2025-07-31 00:00:00,12.68,52.61,33.24,15.11,28.21,7.58,8.32,0.82,8.40,1.43,0.68,2.52,NA,NA,NA,31.60,91.89,3.05,338.40,0.00,0.00,142.48,729.51,0.00
2025-08-01 00:00:00,14.15,60.80,35.38,19.61,31.89,8.29,5.28,0.46,7.79,0.79,0.38,1.39,NA,NA,NA,32.27,88.04,2.30,338.61,0.00,0.00,158.35,732.32,0.00
2025-08-02 00:00:00,24.22,92.61,40.67,24.34,37.63,8.84,7.26,0.62,7.73,1.08,0.52,1.90,NA,NA,NA,32.47,87.39,1.77,338.54,0.00,0.00,167.66,734.25,0.00
2025-08-03 00:00:00,20.09,68.24,38.53,26.99,37.73,6.41,8.65,0.77,7.12,3.92,1.87,6.88,NA,NA,NA,32.28,90.74,1.06,338.39,0.00,0.00,152.82,733.01,0.00
2025-08-04 00:00:00,20.36,58.91,41.73,20.72,36.34,7.55,10.22,0.79,8.66,12.25,5.85,21.51,NA,NA,NA,32.09,85.24,1.25,339.07,0.00,0.00,142.69,732.08,0.00
2025-08-05 00:00:00,46.54,105.16,42.02,21.62,36.99,8.82,4.81,0.61,7.35,1.07,0.51,1.89,NA,NA,NA,32.17,90.44,0.54,338.43,0.00,0.00,131.78,731.91,0.00
2025-08-06 00:00:00,34.03,72.20,38.38,16.91,32.28,9.42,5.05,0.72,8.06,1.25,0.60,2.20,NA,NA,NA,32.70,81.58,0.72,338.46,0.00,0.00,167.84,730.69,0.00
2025-08-07 00:00:00,42.23,94.18,39.16,17.91,33.29,8.86,4.42,0.52,7.68,0.94,0.45,1.65,NA,NA,NA,31.35,89.04,0.99,338.04,0.00,0.00,112.20,730.64,0.00
2025-08-08 00:00:00,21.57,65.22,40.09,14.65,32.11,14.09,6.76,0.59,7.87,1.02,0.49,1.78,NA,NA,NA,29.12,94.14,0.79,337.77,0.00,0.00,125.00,732.58,0.00
2025-08-09 00:00:00,26.88,59.28,45.09,15.80,35.76,8.79,12.10,1.16,5.99,4.97,2.37,8.74,NA,NA,NA,30.70,93.48,1.04,338.40,0.00,0.00,131.75,733.00,0.00
2025-08-10 00:00:00,14.51,32.89,40.04,11.25,30.28,9.68,7.26,2.07,10.14,4.44,2.12,7.79,NA,NA,NA,30.73,93.03,1.38,338.21,0.00,0.00,127.85,732.96,0.00
2025-08-11 00:00:00,16.31,44.72,40.15,8.97,29.02,9.79,6.24,0.82,9.23,2.28,1.09,3.99,NA,NA,NA,28.74,92.60,1.67,338.27,0.00,0.00,127.71,732.68,0.00
2025-08-12 00:00:00,13.89,36.27,37.92,7.60,26.65,10.18,5.33,0.85,2.86,1.52,0.72,2.67,NA,NA,NA,29.61,93.47,1.92,339.35,0.00,0.00,111.62,728.79,0.00
2025-08-13 00:00:00,27.03,42.62,38.65,8.80,27.05,8.77,5.01,3.54,8.91,5.99,2.94,11.76,NA,NA,NA,26.64,89.55,1.32,335.28,0.00,0.00,86.91,732.49,0.02
2025-08-14 00:00:00,17.30,36.24,39.62,11.36,30.02,6.72,4.32,1.25,6.17,2.44,1.17,4.29,NA,NA,NA,28.91,96.50,1.90,336.14,0.00,0.00,101.71,734.54,0.00
2025-08-15 00:00:00,9.00,18.43,44.51,27.09,41.42,3.81,6.17,0.76,7.40,1.30,0.62,2.29,NA,NA,NA,28.46,91.42,2.51,337.09,0.00,0.00,160.14,731.88,0.00
2025-08-16 00:00:00,49.04,45.25,42.20,13.15,32.60,6.38,8.10,1.13,6.93,6.24,2.96,10.95,NA,NA,NA,28.92,NA,0.20,340.32,0.00,0.00,56.45,726.36,0.00
2025-08-17 00:00:00,46.94,59.99,35.69,12.17,28.12,7.08,6.68,0.89,6.71,1.55,0.74,2.72,NA,NA,NA,30.37,96.17,0.20,340.06,0.00,0.00,104.66,727.41,0.00
2025-08-18 00:00:00,32.63,44.63,38.21,8.07,27.47,6.65,7.89,0.74,6.81,2.20,1.05,3.84,NA,NA,NA,28.93,99.47,0.20,346.00,0.00,0.00,77.66,721.64,0.00
2025-08-19 00:00:00,29.00,41.00,35.86,4.18,23.95,7.44,5.56,1.01,5.71,1.77,0.84,3.10,NA,NA,NA,29.20,98.30,0.20,345.82,0.00,0.00,90.47,721.07,0.00
2025-08-20 00:00:00,46.43,61.80,34.83,6.96,24.83,7.49,5.01,1.00,6.98,1.76,0.83,3.09,NA,NA,NA,29.97,94.38,0.20,345.48,0.00,0.00,116.97,720.26,0.00
2025-08-21 00:00:00,58.21,70.21,34.52,11.61,27.12,7.77,4.36,0.67,6.88,1.19,0.57,2.09,NA,NA,NA,31.00,91.88,0.20,345.01,0.00,0.00,148.73,722.96,0.00
2025-08-22 00:00:00,63.86,77.41,35.76,13.69,28.97,7.87,5.52,0.68,6.71,1.18,0.57,2.07,NA,NA,NA,31.07,91.00,0.20,345.00,0.00,0.00,135.47,723.61,0.00
2025-08-23 00:00:00,57.77,69.77,34.69,15.12,29.09,7.21,4.22,0.70,6.94,1.19,0.57,2.11,NA,NA,NA,30.81,89.64,0.20,345.15,0.00,0.00,141.79,736.27,0.00
2025-08-24 00:00:00,54.05,67.89,38.53,15.17,31.45,5.97,6.00,0.74,9.87,16.56,7.90,29.07,NA,NA,NA,30.78,91.01,0.20,345.27,0.00,0.00,138.56,727.48,0.00
2025-08-25 00:00:00,57.18,72.47,36.20,14.88,29.87,7.24,4.68,1.34,9.28,2.28,1.09,4.00,NA,NA,NA,31.07,89.62,0.20,345.00,0.00,0.00,158.80,730.55,0.00
2025-08-26 00:00:00,49.53,61.53,38.10,15.21,31.21,7.49,6.98,0.39,8.44,5.61,2.68,9.85,NA,NA,NA,29.89,97.14,0.20,345.00,0.00,0.00,78.18,732.54,0.00
2025-08-27 00:00:00,36.39,48.39,39.84,8.97,28.96,13.67,4.97,0.63,5.29,1.06,0.50,1.88,NA,NA,NA,28.85,NA,0.20,344.48,0.00,0.00,43.55,729.20,0.00
2025-08-28 00:00:00,44.04,56.04,40.06,19.53,34.69,4.33,4.86,0.96,7.46,1.65,0.79,2.89,NA,NA,NA,29.93,100.00,0.20,344.11,0.00,0.00,58.56,732.02,0.00
2025-08-29 00:00:00,55.04,46.32,40.20,20.58,35.34,3.47,5.31,1.32,8.99,8.77,7.40,4.22,NA,NA,NA,31.66,92.51,0.20,343.76,0.00,0.00,151.94,721.97,0.00
2025-08-30 00:00:00,NA,NA,NA,NA,NA,NA,NA,NA,NA,NA,NA,NA,NA,NA,NA,NA,NA,NA,NA,NA,0.00,NA,NA,NA
2025-08-31 00:00:00,NA,NA,NA,NA,NA,NA,NA,NA,NA,NA,NA,NA,NA,NA,NA,NA,NA,NA,NA,NA,0.00,NA,NA,NA
2025-09-01 00:00:00,NA,NA,NA,NA,NA,NA,NA,NA,NA,NA,NA,NA,NA,NA,NA,NA,NA,NA,NA,NA,0.00,NA,NA,NA
2025-09-02 00:00:00,NA,NA,NA,NA,NA,NA,NA,NA,NA,NA,NA,NA,NA,NA,NA,NA,NA,NA,NA,NA,0.00,NA,NA,NA
2025-09-03 00:00:00,NA,NA,NA,NA,NA,NA,NA,NA,NA,NA,NA,NA,NA,NA,NA,NA,NA,NA,NA,NA,0.00,NA,NA,NA
2025-09-04 00:00:00,NA,NA,NA,NA,NA,NA,NA,NA,NA,NA,NA,NA,NA,NA,NA,NA,NA,NA,NA,NA,0.00,NA,NA,NA
2025-09-05 00:00:00,NA,NA,NA,NA,NA,NA,NA,NA,NA,NA,NA,NA,NA,NA,NA,NA,NA,NA,NA,NA,0.00,NA,NA,NA
2025-09-06 00:00:00,NA,NA,NA,NA,NA,NA,NA,NA,NA,NA,NA,NA,NA,NA,NA,NA,NA,NA,NA,NA,0.00,NA,NA,NA
2025-09-07 00:00:00,NA,NA,NA,NA,NA,NA,NA,NA,NA,NA,NA,NA,NA,NA,NA,NA,NA,NA,NA,NA,0.00,NA,NA,NA
2025-09-08 00:00:00,NA,NA,NA,NA,NA,NA,NA,NA,NA,NA,NA,NA,NA,NA,NA,NA,NA,NA,NA,NA,0.00,NA,NA,NA
2025-09-09 00:00:00,NA,NA,NA,NA,NA,NA,NA,NA,NA,NA,NA,NA,NA,NA,NA,NA,NA,NA,NA,NA,0.00,NA,NA,NA
2025-09-10 00:00:00,NA,NA,NA,NA,NA,NA,NA,NA,NA,NA,NA,NA,NA,NA,NA,NA,NA,NA,NA,NA,0.00,NA,NA,NA
2025-09-11 00:00:00,NA,NA,NA,NA,NA,NA,NA,NA,NA,NA,NA,NA,NA,NA,NA,NA,NA,NA,NA,NA,0.00,NA,NA,NA
2025-09-12 00:00:00,NA,NA,NA,NA,NA,NA,NA,NA,NA,NA,NA,NA,NA,NA,NA,NA,NA,NA,NA,NA,0.00,NA,NA,NA
2025-09-13 00:00:00,NA,NA,NA,NA,NA,NA,NA,NA,NA,NA,NA,NA,NA,NA,NA,NA,NA,NA,NA,NA,0.00,NA,NA,NA
2025-09-14 00:00:00,NA,NA,NA,NA,NA,NA,NA,NA,NA,NA,NA,NA,NA,NA,NA,NA,NA,NA,NA,NA,0.00,NA,NA,NA
2025-09-15 00:00:00,47.32,55.32,16.82,11.27,16.20,4.40,7.10,0.53,10.23,1.78,1.38,0.50,NA,NA,NA,32.62,93.04,0.20,342.62,0.00,0.00,113.52,727.78,0.00
2025-09-16 00:00:00,NA,NA,NA,NA,NA,NA,NA,NA,NA,NA,NA,NA,NA,NA,NA,NA,NA,NA,NA,NA,0.00,NA,NA,NA
2025-09-17 00:00:00,61.89,73.89,17.60,13.41,17.82,4.56,4.79,0.71,6.66,1.22,0.59,2.16,NA,NA,NA,31.96,90.40,0.20,342.20,0.00,0.00,155.16,731.54,0.00
2025-09-18 00:00:00,59.12,76.73,19.50,11.84,18.14,4.77,5.56,0.42,10.17,14.26,6.80,25.03,NA,NA,NA,31.06,89.92,0.20,342.27,0.00,0.00,132.35,736.83,0.00
2025-09-19 00:00:00,51.71,71.10,18.36,13.19,18.15,4.59,5.67,0.69,6.72,1.19,0.57,2.10,NA,NA,NA,31.55,91.40,0.20,342.07,0.00,0.00,119.10,737.93,0.00
2025-09-20 00:00:00,59.94,71.94,17.99,13.50,18.09,4.49,4.52,0.73,7.77,1.25,0.60,2.21,NA,NA,NA,31.56,92.59,0.20,341.57,0.00,0.00,144.94,735.19,0.00
2025-09-21 00:00:00,59.16,72.45,18.75,15.56,19.65,4.07,5.93,0.52,8.23,0.98,0.53,1.46,NA,NA,NA,31.33,90.79,0.20,341.72,0.00,0.00,126.17,732.04,0.00
2025-09-22 00:00:00,67.00,78.83,13.25,11.85,14.33,4.97,7.89,0.95,8.87,1.63,0.78,3.20,NA,NA,NA,31.73,93.42,0.20,345.25,0.02,1.00,92.25,732.06,0.00
2025-09-23 00:00:00,56.72,69.64,18.67,21.18,20.59,12.86,4.95,1.27,7.95,2.14,1.02,3.76,NA,NA,NA,31.21,95.40,0.20,345.72,0.00,0.00,87.66,733.80,0.00
2025-09-24 00:00:00,64.30,90.47,25.83,46.24,36.72,34.43,4.63,1.09,9.77,1.87,0.89,3.28,NA,NA,NA,31.34,92.21,0.20,345.37,0.00,0.00,118.65,735.07,0.00
2025-09-25 00:00:00,72.62,94.73,18.98,43.28,30.73,32.23,6.11,0.61,8.80,1.05,0.50,1.85,NA,NA,NA,30.07,97.42,0.20,345.00,0.00,0.00,63.63,734.56,0.00
2025-09-26 00:00:00,53.13,68.47,14.61,33.33,26.60,24.82,4.67,0.63,8.96,1.09,0.52,1.91,NA,NA,NA,28.93,95.50,0.34,345.41,0.00,0.00,94.10,733.38,0.00
2025-09-27 00:00:00,36.65,47.24,33.52,47.54,32.84,25.18,6.74,3.14,9.84,6.79,4.22,7.31,NA,NA,NA,29.52,NA,2.21,347.00,0.00,0.00,273.92,723.81,0.00
2025-09-28 00:00:00,45.50,55.93,39.91,75.37,51.81,36.92,8.89,1.16,10.31,5.39,2.85,8.13,NA,NA,NA,29.71,97.50,1.61,346.93,0.00,0.00,205.89,719.18,0.00
2025-09-29 00:00:00,60.43,71.90,43.48,20.93,28.18,8.32,6.34,0.55,11.50,4.06,3.14,1.47,NA,NA,NA,31.41,88.62,1.79,346.85,0.00,0.00,269.22,721.49,0.00
2025-09-30 00:00:00,51.00,62.61,21.44,37.06,32.72,29.75,6.12,0.55,10.27,1.07,0.59,1.50,NA,NA,NA,31.54,89.95,1.35,346.93,0.00,0.00,200.54,726.62,0.00
2025-10-01 00:00:00,53.36,65.36,21.79,45.69,30.58,34.52,6.79,0.41,10.20,6.51,3.10,11.44,NA,NA,NA,31.10,89.39,1.96,346.62,0.00,0.00,198.10,728.02,0.00
2025-10-02 00:00:00,NA,NA,NA,NA,NA,NA,NA,NA,NA,NA,NA,NA,NA,NA,NA,NA,NA,NA,NA,NA,0.00,NA,NA,NA
2025-10-03 00:00:00,50.62,62.62,21.37,33.16,25.44,26.02,7.30,0.56,11.47,0.96,0.46,1.67,NA,NA,NA,30.25,89.04,1.12,304.20,0.37,20.40,243.96,726.14,-0.02
2025-10-04 00:00:00,55.22,75.73,16.67,20.29,17.61,15.12,5.53,0.70,10.63,1.22,0.61,2.07,NA,NA,NA,28.68,93.61,0.20,266.55,0.83,71.30,217.83,NA,0.00
2025-10-05 00:00:00,57.28,72.42,27.01,11.90,8.74,7.74,3.47,0.64,10.55,1.47,0.95,1.42,NA,NA,NA,28.66,93.04,0.20,242.92,0.00,0.00,244.11,NA,0.00
2025-10-06 00:00:00,63.18,87.24,36.72,30.41,24.24,22.93,8.08,0.60,10.53,3.66,1.98,5.37,NA,NA,NA,28.17,93.79,0.20,223.89,0.00,0.00,251.10,NA,0.00
2025-10-07 00:00:00,72.76,88.12,9.71,13.86,8.10,10.32,3.54,0.93,8.95,1.65,0.80,2.91,NA,NA,NA,27.76,89.71,0.20,233.57,0.00,0.00,359.45,NA,0.00
2025-10-08 00:00:00,71.37,98.67,11.10,15.83,12.13,11.78,4.55,1.50,11.05,3.83,1.83,6.72,NA,NA,NA,25.70,84.92,0.58,314.31,0.02,1.00,281.37,731.00,0.00
2025-10-09 00:00:00,73.17,128.56,13.71,19.53,16.40,14.54,5.45,0.97,10.57,1.67,0.80,2.93,NA,NA,NA,22.47,91.32,0.49,326.26,0.00,0.00,243.96,731.31,0.00
2025-10-10 00:00:00,80.41,167.43,11.86,16.92,14.40,12.59,4.73,0.87,12.27,1.50,0.72,2.64,NA,NA,NA,22.33,83.45,0.78,328.04,0.00,0.00,233.39,728.29,0.00
2025-10-11 00:00:00,80.36,163.77,14.22,20.28,17.07,15.10,5.68,1.01,11.69,1.74,0.83,3.04,NA,NA,NA,22.25,85.67,0.86,330.08,0.00,0.00,223.91,726.01,0.00
2025-10-12 00:00:00,80.17,153.25,19.09,27.21,19.13,20.26,7.51,0.78,12.03,1.35,0.65,2.37,NA,NA,NA,22.04,85.64,0.63,328.06,0.01,1.00,217.53,726.54,0.00
2025-10-13 00:00:00,73.69,149.15,11.95,17.03,14.19,12.69,4.68,0.75,12.47,1.30,0.62,2.29,NA,NA,NA,22.08,88.38,0.81,328.65,0.00,0.00,231.99,725.40,0.00
2025-10-14 00:00:00,38.13,82.53,14.74,21.01,17.26,15.64,5.80,0.74,14.27,1.28,0.61,2.24,NA,NA,NA,21.86,87.59,0.64,335.49,0.00,0.00,259.53,719.61,0.00
2025-10-15 00:00:00,24.93,53.94,13.99,19.94,16.36,14.85,5.70,0.86,12.84,1.50,0.72,2.63,NA,NA,NA,21.66,85.37,0.83,335.07,0.00,0.00,253.78,719.80,0.00
2025-10-16 00:00:00,49.69,108.60,17.05,24.32,20.69,18.12,6.70,0.76,15.25,1.30,0.64,4.19,NA,NA,NA,21.07,80.42,0.89,327.69,0.00,0.00,227.73,720.11,0.05
2025-10-17 00:00:00,68.15,128.45,15.09,21.51,18.30,16.02,5.97,0.88,12.76,1.51,0.73,2.66,NA,NA,NA,21.50,84.11,0.70,332.71,0.00,0.00,219.19,722.04,0.00
2025-10-18 00:00:00,76.18,139.53,14.22,20.28,14.71,15.10,5.70,0.77,13.38,1.34,0.64,2.34,NA,NA,NA,21.37,83.80,0.59,319.45,0.00,0.00,233.09,721.48,0.00
2025-10-19 00:00:00,77.03,146.57,15.86,22.60,19.24,16.84,6.27,0.90,14.02,1.55,0.74,2.72,NA,NA,NA,21.46,86.55,0.65,321.11,0.00,0.00,232.64,720.02,0.00
2025-10-20 00:00:00,31.67,67.03,15.99,22.80,18.48,16.97,6.45,1.82,12.41,3.46,1.66,6.09,NA,NA,NA,22.04,86.71,0.74,323.73,0.08,5.00,227.27,719.53,0.00
2025-10-21 00:00:00,24.67,87.35,20.86,29.74,15.55,22.15,8.50,0.43,10.19,3.53,1.68,6.21,NA,NA,NA,22.07,84.36,0.73,332.55,0.64,55.00,229.92,720.04,0.00
2025-10-22 00:00:00,9.36,38.53,15.20,21.68,15.38,16.14,6.22,0.47,11.29,0.84,0.39,1.47,NA,NA,NA,22.31,86.06,1.17,324.04,0.16,9.00,220.21,720.09,0.00
2025-10-23 00:00:00,NA,21.66,17.64,25.17,18.16,18.74,7.17,0.49,10.90,5.51,2.62,9.67,NA,NA,NA,21.73,93.20,1.68,319.62,0.87,39.00,228.44,718.96,0.00
2025-10-24 00:00:00,12.85,25.89,13.38,19.09,14.39,14.21,5.22,0.73,11.04,1.26,0.60,2.20,NA,NA,NA,22.15,92.03,0.73,324.47,0.31,14.00,227.19,720.59,0.00
2025-10-25 00:00:00,15.46,107.42,15.80,22.54,17.15,16.78,6.46,0.87,10.20,1.53,0.73,2.69,NA,NA,NA,22.23,94.86,0.81,327.82,0.12,7.00,227.43,719.60,0.00
2025-10-26 00:00:00,30.36,46.36,14.66,20.91,17.80,15.57,5.86,0.63,10.42,1.08,0.52,1.89,NA,NA,NA,22.45,96.23,0.26,314.52,0.00,0.00,229.76,723.72,0.00
2025-10-27 00:00:00,26.03,42.03,11.48,16.37,13.74,12.18,4.64,0.67,13.44,1.18,0.57,2.07,NA,NA,NA,22.23,85.98,0.67,337.99,0.00,0.00,226.27,723.23,0.00
2025-10-28 00:00:00,25.30,41.30,24.32,34.68,29.52,25.82,9.66,0.84,24.18,1.47,0.70,2.56,NA,NA,NA,22.64,94.29,2.15,315.36,1.98,91.00,227.21,720.58,0.00
2025-10-29 00:00:00,16.68,32.68,19.32,27.56,23.45,20.52,7.66,0.90,15.60,1.51,0.72,2.65,NA,NA,NA,22.83,NA,2.98,321.55,6.35,133.30,248.68,725.80,0.00
2025-10-30 00:00:00,24.28,49.13,10.03,14.31,8.33,10.66,4.10,0.67,14.13,1.16,0.55,2.03,NA,NA,NA,23.10,90.46,2.48,329.30,0.51,30.50,246.77,731.00,0.00
2025-10-31 00:00:00,22.22,57.71,13.06,18.62,15.67,13.86,5.09,0.72,10.46,1.27,0.60,2.22,NA,NA,NA,25.88,88.42,2.25,331.76,0.54,50.00,228.89,728.40,0.00
2025-11-01 00:00:00,20.00,40.84,17.53,25.00,18.45,18.61,7.02,0.64,9.45,2.21,1.06,3.90,NA,NA,NA,31.33,89.76,0.82,322.40,0.02,2.00,223.08,736.19,0.00
2025-11-02 00:00:00,20.70,NA,12.45,17.74,14.59,13.22,5.04,0.80,9.14,1.38,0.66,2.41,NA,NA,NA,30.44,90.74,0.20,317.58,0.02,2.00,226.04,742.67,0.00
2025-11-03 00:00:00,25.47,120.14,11.14,15.88,11.56,11.82,4.54,0.70,8.72,1.22,0.58,2.15,NA,NA,NA,30.46,90.15,0.60,316.69,0.02,2.00,223.62,736.79,0.00
2025-11-04 00:00:00,65.38,86.17,17.73,25.28,21.52,18.83,6.98,0.99,8.50,1.70,0.82,2.99,NA,NA,NA,30.43,93.91,1.42,316.90,0.00,0.00,224.00,734.47,0.00
2025-11-05 00:00:00,74.31,118.36,14.19,20.22,14.71,15.06,5.67,0.66,8.59,1.14,0.55,2.00,NA,NA,NA,30.43,88.67,0.74,317.96,0.00,0.00,223.05,730.78,0.00
2025-11-06 00:00:00,66.47,160.19,20.11,28.67,20.33,21.34,7.90,0.67,9.12,3.35,1.60,5.90,NA,NA,NA,29.72,86.70,0.56,280.31,0.00,0.00,232.48,720.72,0.00
2025-11-07 00:00:00,61.38,161.55,16.50,23.53,19.06,17.52,6.51,0.63,10.78,1.11,0.53,1.94,NA,NA,NA,28.59,79.72,1.09,236.98,0.00,0.00,354.51,711.74,0.00
2025-11-08 00:00:00,57.75,145.16,13.71,19.55,15.01,14.57,5.56,0.61,11.77,5.86,2.80,10.29,NA,NA,NA,27.86,72.20,0.74,246.89,0.00,0.00,331.02,716.04,0.00
2025-11-09 00:00:00,70.85,174.54,27.50,39.21,31.88,29.19,10.68,0.83,12.96,4.27,2.03,7.50,NA,NA,NA,26.12,78.03,0.68,247.10,0.00,0.00,325.58,712.30,0.00
2025-11-10 00:00:00,68.52,56.27,9.29,13.25,10.61,9.86,3.65,1.07,13.40,1.86,0.88,3.27,NA,NA,NA,26.03,69.59,0.60,246.69,0.00,0.00,348.13,708.10,0.00
2025-11-11 00:00:00,67.81,63.18,16.37,22.79,11.87,16.98,6.28,0.85,12.20,1.47,0.70,2.57,NA,NA,NA,26.80,76.44,0.84,241.96,0.00,0.00,344.01,708.13,0.00
2025-11-12 00:00:00,60.92,84.10,8.98,12.79,9.75,9.53,3.71,1.08,14.62,1.88,0.89,3.29,NA,NA,NA,28.02,66.33,0.90,236.17,0.00,0.00,358.62,709.40,0.00
2025-11-13 00:00:00,52.52,76.17,27.46,39.15,33.32,29.16,10.99,0.70,15.34,9.23,4.40,16.20,NA,NA,NA,28.41,62.76,1.30,243.65,0.02,1.00,420.65,709.11,0.00
2025-11-14 00:00:00,57.44,88.64,14.24,20.30,16.73,15.12,5.73,0.81,13.62,1.37,0.66,2.42,NA,NA,NA,27.05,70.17,0.81,238.74,0.00,0.00,361.52,708.53,0.00
2025-11-15 00:00:00,64.84,103.93,6.78,9.67,7.11,7.20,2.83,0.67,15.41,1.12,0.53,1.97,NA,NA,NA,25.71,70.58,0.62,234.17,0.00,0.00,353.09,708.52,0.00
2025-11-16 00:00:00,NA,NA,NA,NA,NA,NA,NA,NA,NA,NA,NA,NA,NA,NA,NA,NA,NA,NA,NA,NA,0.00,NA,NA,NA
2025-11-17 00:00:00,53.95,80.34,8.80,12.52,5.19,9.34,3.52,0.61,22.03,1.04,0.49,1.82,NA,NA,NA,28.38,60.68,1.20,236.32,0.00,0.00,425.08,708.79,0.00
2025-11-18 00:00:00,65.49,115.62,15.36,21.90,18.65,16.31,6.08,0.67,16.19,1.13,0.54,1.99,NA,NA,NA,25.40,77.03,0.61,253.11,0.00,0.00,338.77,707.62,0.00
2025-11-19 00:00:00,73.72,128.31,16.53,23.56,19.09,17.55,6.48,0.88,14.78,1.51,0.72,2.64,NA,NA,NA,25.64,75.06,0.66,294.28,0.00,0.00,343.97,707.54,0.00
2025-11-20 00:00:00,63.83,105.14,11.33,16.16,11.79,12.04,4.52,1.30,12.66,2.24,1.08,3.94,NA,NA,NA,27.03,73.23,0.43,228.54,0.00,0.00,249.03,707.63,0.00
2025-11-21 00:00:00,38.42,54.54,10.63,15.16,11.73,11.29,4.06,2.12,14.49,5.08,2.42,8.91,NA,NA,NA,27.89,82.17,0.72,294.51,0.00,0.00,334.48,708.93,0.00
2025-11-22 00:00:00,35.12,48.58,8.67,12.36,7.81,9.21,3.48,0.97,15.35,1.68,0.80,2.94,NA,NA,NA,28.50,83.53,0.71,284.77,0.00,0.00,327.77,708.77,0.00
2025-11-23 00:00:00,35.44,48.99,10.49,14.76,10.66,10.99,4.14,0.87,14.01,1.52,0.72,2.65,NA,NA,NA,27.35,81.33,0.47,256.88,0.00,0.00,316.67,708.66,0.00
2025-11-24 00:00:00,33.58,46.67,12.46,17.76,10.66,11.30,3.56,1.01,13.06,1.76,0.85,3.09,NA,NA,NA,27.44,75.73,0.62,229.28,0.00,0.00,355.20,708.88,0.00
2025-11-25 00:00:00,46.92,65.10,17.45,24.88,12.96,25.68,5.34,1.06,13.01,1.84,0.87,3.23,NA,NA,NA,27.04,85.70,0.83,270.75,0.00,0.00,335.54,709.21,0.00
2025-11-26 00:00:00,66.77,93.89,24.10,34.35,19.19,19.18,4.76,0.89,13.23,1.55,0.74,2.72,NA,NA,NA,26.31,81.00,0.75,237.05,0.00,0.00,308.04,709.07,0.00
2025-11-27 00:00:00,72.79,106.06,23.91,34.11,20.68,19.06,4.96,1.07,14.54,1.84,0.88,3.24,NA,NA,NA,27.66,81.83,0.87,241.71,0.00,0.00,318.97,708.95,0.00
2025-11-28 00:00:00,69.61,116.46,9.70,13.83,6.06,7.72,1.92,0.85,12.08,1.43,0.68,2.50,NA,NA,NA,26.42,75.10,1.16,237.87,0.00,0.00,326.61,709.10,0.00
2025-11-29 00:00:00,58.49,89.95,39.23,40.04,35.69,31.23,9.38,1.13,18.67,1.88,0.89,3.29,NA,NA,NA,26.92,71.82,0.78,237.62,0.00,0.00,304.84,707.02,0.00
2025-11-30 00:00:00,47.20,72.15,26.82,38.23,21.63,33.31,9.55,0.97,NA,1.67,0.79,2.92,NA,NA,NA,27.49,78.46,0.70,233.98,0.00,0.00,86.00,706.37,0.00
2025-12-01 00:00:00,58.74,88.38,18.32,26.11,15.70,14.58,3.44,1.44,NA,2.54,1.21,4.46,NA,NA,NA,27.13,81.19,0.60,237.67,0.00,0.00,118.71,706.50,0.00
2025-12-02 00:00:00,64.29,93.19,28.75,41.00,24.25,22.90,5.65,1.08,13.93,1.87,0.90,3.30,NA,NA,NA,28.10,78.45,0.89,232.26,0.00,0.00,85.60,707.14,0.00
2025-12-03 00:00:00,61.11,91.25,28.21,40.21,23.53,32.85,23.20,0.94,16.46,1.64,0.78,2.88,NA,NA,NA,28.22,81.21,0.96,232.33,0.00,0.00,131.88,709.05,0.00
2025-12-04 00:00:00,76.19,105.12,44.07,62.82,40.09,35.09,8.76,0.85,11.74,1.48,0.71,2.58,NA,NA,NA,25.72,91.00,0.69,227.00,0.00,0.00,37.12,708.88,0.00
2025-12-05 00:00:00,NA,NA,NA,NA,NA,NA,NA,NA,NA,NA,NA,NA,NA,NA,NA,NA,NA,NA,NA,NA,0.00,NA,NA,NA
2025-12-06 00:00:00,NA,NA,NA,NA,NA,NA,NA,NA,NA,NA,NA,NA,NA,NA,NA,NA,NA,NA,NA,NA,0.00,NA,NA,NA
2025-12-07 00:00:00,NA,NA,NA,NA,NA,NA,NA,NA,NA,NA,NA,NA,NA,NA,NA,NA,NA,NA,NA,NA,0.00,NA,NA,NA
2025-12-08 00:00:00,NA,NA,NA,NA,NA,NA,NA,NA,NA,NA,NA,NA,NA,NA,NA,NA,NA,NA,NA,NA,0.00,NA,NA,NA
2025-12-09 00:00:00,NA,NA,NA,NA,NA,NA,NA,NA,NA,NA,NA,NA,NA,NA,NA,NA,NA,NA,NA,NA,0.00,NA,NA,NA
2025-12-10 00:00:00,NA,NA,NA,NA,NA,NA,NA,NA,NA,NA,NA,NA,NA,NA,NA,NA,NA,NA,NA,NA,0.00,NA,NA,NA
2025-12-11 00:00:00,NA,NA,NA,NA,NA,NA,NA,NA,NA,NA,NA,NA,NA,NA,NA,NA,NA,NA,NA,NA,0.00,NA,NA,NA
2025-12-12 00:00:00,NA,NA,NA,NA,NA,NA,NA,NA,NA,NA,NA,NA,NA,NA,NA,NA,NA,NA,NA,NA,0.00,NA,NA,NA
2025-12-13 00:00:00,21.50,37.50,10.29,16.42,11.24,8.74,16.97,0.00,24.46,0.00,0.00,0.00,NA,NA,NA,29.12,48.76,1.00,233.35,0.00,0.00,180.06,719.88,0.00
2025-12-14 00:00:00,NA,NA,NA,NA,NA,NA,NA,NA,NA,NA,NA,NA,NA,NA,NA,NA,NA,NA,NA,NA,0.00,NA,NA,NA
2025-12-15 00:00:00,41.12,71.55,6.14,9.82,6.71,5.22,5.24,1.50,14.17,0.03,0.16,0.11,NA,NA,NA,26.12,64.20,0.62,235.46,0.00,0.00,122.10,722.92,0.00
2025-12-16 00:00:00,50.27,86.98,5.97,9.53,6.52,5.07,8.62,0.84,14.77,0.01,0.10,0.05,NA,NA,NA,24.16,76.22,0.59,251.09,0.00,0.00,111.81,722.96,0.00
2025-12-17 00:00:00,57.08,111.99,5.54,8.85,6.05,4.70,7.34,1.22,13.82,0.02,0.15,0.07,NA,NA,NA,24.47,67.85,0.55,258.92,0.00,0.00,125.15,724.45,-0.00
2025-12-18 00:00:00,28.80,82.12,5.03,8.04,5.50,4.27,9.98,1.06,12.20,0.01,0.11,0.06,NA,NA,NA,24.76,64.16,0.95,242.51,0.00,0.00,160.38,723.57,0.00
2025-12-19 00:00:00,NA,NA,4.46,7.10,4.85,3.78,9.68,0.69,10.52,0.01,0.08,0.03,NA,NA,NA,28.08,50.52,2.00,235.41,0.00,0.00,243.04,721.11,0.00
2025-12-20 00:00:00,33.30,58.00,2.77,4.43,3.03,2.35,10.73,0.92,6.63,0.01,0.09,0.05,NA,NA,NA,25.72,60.06,1.19,248.81,0.00,0.00,149.40,721.56,0.00
2025-12-21 00:00:00,NA,NA,2.83,4.51,3.09,2.40,8.09,1.19,6.70,0.01,0.14,0.07,NA,NA,NA,23.31,76.18,0.59,280.11,0.00,0.00,103.69,722.92,0.00
2025-12-22 00:00:00,61.74,105.50,2.67,4.26,2.91,2.27,9.43,1.19,6.23,0.01,0.13,0.07,NA,NA,NA,24.08,70.65,0.59,231.33,0.00,0.00,117.80,723.57,0.00
2025-12-23 00:00:00,48.30,98.56,2.98,4.76,3.26,2.53,9.42,1.10,7.05,0.02,0.11,0.07,NA,NA,NA,23.94,70.96,0.65,249.53,0.00,0.00,106.62,723.19,0.00
2025-12-24 00:00:00,54.32,114.30,2.98,4.76,3.25,2.52,10.82,1.20,7.05,0.02,0.14,0.08,NA,NA,NA,24.08,72.79,0.65,237.98,0.00,0.00,112.16,725.76,0.00
2025-12-25 00:00:00,55.97,100.32,3.07,4.90,3.35,2.61,11.96,1.22,7.27,0.02,0.13,0.09,NA,NA,NA,23.77,72.81,0.63,262.58,0.00,0.00,106.27,724.91,0.00
2025-12-26 00:00:00,54.18,92.24,3.16,5.04,3.45,2.68,8.83,1.05,7.49,0.01,0.12,0.07,NA,NA,NA,23.76,74.32,0.54,224.10,0.00,0.00,110.97,727.43,0.00
2025-12-27 00:00:00,59.36,102.95,3.24,5.19,3.55,2.76,11.65,1.07,7.70,0.00,0.11,0.09,NA,NA,NA,23.55,73.78,0.53,280.76,0.00,0.00,106.92,728.84,0.00
2025-12-28 00:00:00,59.44,106.25,3.39,5.41,3.70,2.88,7.73,1.17,8.08,0.00,0.14,0.08,NA,NA,NA,23.94,71.61,0.62,238.14,0.00,0.00,124.54,725.42,0.00
2025-12-29 00:00:00,41.21,70.15,3.54,5.65,3.87,3.00,8.23,1.24,8.40,0.02,0.14,0.07,NA,NA,NA,25.65,68.00,0.62,310.37,0.00,0.00,123.37,725.57,0.00
2025-12-30 00:00:00,57.41,103.66,3.37,5.39,3.69,2.87,8.39,1.40,8.03,0.03,0.14,0.10,NA,NA,NA,23.83,65.00,0.46,290.63,0.00,0.00,114.90,724.72,0.00
2025-12-31 00:00:00,51.20,87.23,15.41,24.61,16.83,13.09,9.31,2.03,36.68,0.05,0.22,0.14,NA,NA,NA,24.21,74.10,0.89,330.05,0.00,0.00,104.01,726.63,0.00
